timestamp,method,path,status_code,latency_ms
2026-05-11 17:52:18,GET,/,200,7.5
2026-05-11 17:52:18,GET,/favicon.ico,404,0.8
2026-05-11 17:53:37,GET,/,200,19.3
2026-05-11 17:53:44,GET,/docs,200,2.7
2026-05-11 17:53:45,GET,/openapi.json,200,180.7
2026-05-11 17:54:44,POST,/auth/logout,200,14.8
2026-05-11 17:54:44,POST,/auth/logout,200,0.9
2026-05-11 17:55:01,OPTIONS,/chat/history,200,1.8
2026-05-11 17:55:02,GET,/chat/history,200,1148.8
2026-05-11 17:55:05,OPTIONS,/user-profile/details,200,0.5
2026-05-11 17:55:05,GET,/user-profile/details,200,443.7
2026-05-11 17:55:08,OPTIONS,/user/history,200,0.2
2026-05-11 17:55:08,GET,/user/history,200,462.6
2026-05-11 17:55:11,GET,/user-profile/details,200,439.1
2026-05-11 17:55:15,GET,/user/history,200,401.6
2026-05-11 17:55:19,GET,/chat/history,200,399.8
2026-05-11 17:56:27,OPTIONS,/drug-interactions/check,200,0.2
2026-05-11 17:56:42,GET,/user-profile/details,200,1303.7
2026-05-11 17:58:11,GET,/chat/history,200,1042.5
2026-05-11 18:00:25,GET,/chat/stream,200,7219.4
2026-05-11 18:00:26,GET,/user-profile/details,200,853.4
2026-05-11 18:00:29,GET,/chat/stream,200,896.0
2026-05-11 18:00:30,GET,/user/history,200,396.9
2026-05-11 18:00:33,GET,/chat/stream,200,672.9
2026-05-11 18:00:34,GET,/chat/history,200,425.0
2026-05-11 18:00:37,GET,/chat/stream,200,649.2
2026-05-11 18:00:41,GET,/chat/stream,200,664.3
2026-05-11 18:00:44,GET,/chat/stream,200,650.6
2026-05-11 18:00:48,GET,/chat/stream,200,642.9
2026-05-11 18:00:50,GET,/chat/stream,200,695.4
2026-05-11 18:00:52,GET,/chat/stream,200,654.2
2026-05-11 18:00:54,GET,/chat/stream,200,639.5
2026-05-11 18:00:56,GET,/chat/stream,200,692.2
2026-05-11 18:00:58,GET,/chat/stream,200,668.0
2026-05-11 18:00:59,GET,/chat/stream,200,667.1
2026-05-11 18:01:02,GET,/chat/stream,200,647.7
2026-05-11 18:01:03,GET,/chat/stream,200,615.8
2026-05-11 18:01:05,GET,/chat/stream,200,648.5
2026-05-11 18:01:07,GET,/chat/stream,200,668.6
2026-05-11 18:01:09,GET,/chat/stream,200,653.8
2026-05-11 18:01:11,GET,/chat/stream,200,671.3
2026-05-11 18:01:13,GET,/chat/stream,200,669.1
2026-05-11 18:01:14,GET,/chat/stream,200,633.7
2026-05-11 18:01:17,GET,/chat/stream,200,617.3
2026-05-11 18:01:18,GET,/chat/stream,200,646.0
2026-05-11 18:01:20,GET,/chat/stream,200,633.5
2026-05-11 18:01:22,GET,/chat/stream,200,679.5
2026-05-11 18:01:24,GET,/chat/stream,200,617.8
2026-05-11 18:01:26,GET,/chat/stream,200,639.2
2026-05-11 18:01:28,GET,/chat/stream,200,648.7
2026-05-11 18:02:10,GET,/chat/stream,200,4847.8
2026-05-11 18:02:11,OPTIONS,/images/upload,200,263.6
2026-05-11 18:02:11,GET,/chat/stream,200,649.4
2026-05-11 18:02:31,POST,/images/upload,200,19541.6
2026-05-11 18:02:31,GET,/chat/stream,200,617.2
2026-05-11 18:02:32,GET,/chat/stream,200,672.1
2026-05-11 18:02:36,GET,/chat/stream,200,629.2
2026-05-11 18:02:36,GET,/chat/stream,200,662.1
2026-05-11 18:02:39,GET,/chat/stream,200,590.3
2026-05-11 18:02:40,GET,/chat/stream,200,681.0
2026-05-11 18:02:43,GET,/chat/stream,200,592.3
2026-05-11 18:02:44,GET,/chat/stream,200,636.6
2026-05-11 18:02:47,GET,/chat/stream,200,590.9
2026-05-11 18:02:48,GET,/chat/stream,200,617.9
2026-05-11 18:02:51,GET,/chat/stream,200,651.5
2026-05-11 18:02:51,GET,/chat/stream,200,633.3
2026-05-11 18:02:54,GET,/chat/stream,200,636.7
2026-05-11 18:02:55,GET,/chat/stream,200,616.4
2026-05-11 18:02:58,GET,/chat/stream,200,622.9
2026-05-11 18:02:59,GET,/chat/stream,200,620.2
2026-05-11 18:13:46,GET,/chat/stream,200,5612.4
2026-05-11 18:13:46,GET,/chat/stream,200,1932.5
2026-05-11 18:13:46,OPTIONS,/chat/history,200,0.1
2026-05-11 18:13:46,OPTIONS,/user/history,200,0.1
2026-05-11 18:13:46,OPTIONS,/user-profile/details,200,0.7
2026-05-11 18:13:47,OPTIONS,/chat/history,200,3.4
2026-05-11 18:13:47,OPTIONS,/user-profile/details,200,0.1
2026-05-11 18:13:47,OPTIONS,/chat/history,200,0.1
2026-05-11 18:13:47,OPTIONS,/user/history,200,0.1
2026-05-11 18:13:47,OPTIONS,/user-profile/details,200,0.1
2026-05-11 18:13:47,OPTIONS,/user/history,200,0.3
2026-05-11 18:13:47,OPTIONS,/user-profile/details,200,2.3
2026-05-11 18:13:47,OPTIONS,/chat/history,200,0.9
2026-05-11 18:13:47,OPTIONS,/user-profile/details,200,3.3
2026-05-11 18:13:47,OPTIONS,/user/history,200,1.6
2026-05-11 18:13:47,OPTIONS,/user-profile/details,200,4.4
2026-05-11 18:13:48,GET,/user/history,200,874.5
2026-05-11 18:13:48,GET,/chat/history,200,880.6
2026-05-11 18:13:48,GET,/user-profile/details,200,430.0
2026-05-11 18:13:49,GET,/user/history,200,747.3
2026-05-11 18:13:49,GET,/chat/history,200,376.8
2026-05-11 18:13:49,GET,/chat/history,200,381.9
2026-05-11 18:13:49,GET,/user-profile/details,200,426.8
2026-05-11 18:13:50,GET,/user/history,200,390.3
2026-05-11 18:13:50,GET,/chat/history,200,368.5
2026-05-11 18:13:51,GET,/chat/stream,200,660.7
2026-05-11 18:13:51,GET,/user-profile/details,200,710.1
2026-05-11 18:13:51,GET,/chat/stream,200,652.3
2026-05-11 18:13:52,GET,/user/history,200,385.4
2026-05-11 18:13:52,GET,/user-profile/details,200,383.1
2026-05-11 18:13:53,GET,/user-profile/details,200,352.5
2026-05-11 18:13:53,GET,/user-profile/details,200,372.7
2026-05-11 18:13:54,GET,/chat/stream,200,667.7
2026-05-11 18:13:55,GET,/chat/stream,200,661.3
2026-05-11 18:13:58,GET,/chat/stream,200,662.0
2026-05-11 18:13:59,GET,/chat/stream,200,664.5
2026-05-11 18:14:02,GET,/chat/stream,200,654.4
2026-05-11 18:14:03,GET,/chat/stream,200,751.7
2026-05-11 18:14:06,GET,/chat/stream,200,620.3
2026-05-12 10:19:39,OPTIONS,/user/history,200,0.2
2026-05-12 10:19:42,GET,/user/history,200,3428.1
2026-05-12 10:19:49,OPTIONS,/user/history/prescription/060cf8f8-5e8c-4abc-ae67-fc2d04e86403,200,1.3
2026-05-12 10:19:52,GET,/user/history/prescription/060cf8f8-5e8c-4abc-ae67-fc2d04e86403,200,3615.2
2026-05-12 10:20:03,OPTIONS,/user/history/medicine/12104740-7c07-4a08-b891-00c7a2cfd703,200,0.1
2026-05-12 10:20:13,GET,/user/history/medicine/12104740-7c07-4a08-b891-00c7a2cfd703,200,9448.6
2026-05-12 10:20:25,OPTIONS,/user/history/medicine/415d2d5e-86e1-44e1-bd36-d1c880f7cd6a,200,0.3
2026-05-12 10:20:30,GET,/user/history/medicine/415d2d5e-86e1-44e1-bd36-d1c880f7cd6a,200,4918.7
2026-05-12 10:20:45,OPTIONS,/images/upload,200,0.7
2026-05-12 10:21:40,POST,/images/upload,200,55135.9
2026-05-12 10:22:32,OPTIONS,/chat/history,200,0.7
2026-05-12 10:22:35,GET,/chat/history,200,2628.3
2026-05-12 10:22:45,GET,/user/history,200,3790.7
2026-05-12 10:22:54,OPTIONS,/user/history/prescription/1510d159-c3cc-4868-ac93-484a63151bc5,200,0.6
2026-05-12 10:22:56,GET,/user/history/prescription/1510d159-c3cc-4868-ac93-484a63151bc5,200,2625.5
2026-05-12 10:23:04,OPTIONS,/user-profile/details,200,0.7
2026-05-12 10:23:05,GET,/user-profile/details,200,1786.6
2026-05-12 10:23:16,OPTIONS,/translate,200,0.3
2026-05-12 10:23:16,POST,/translate,200,626.2
2026-05-12 10:23:16,POST,/translate,200,810.7
2026-05-12 10:23:28,POST,/translate,200,827.9
2026-05-12 10:23:29,POST,/translate,200,1166.0
2026-05-12 10:23:33,POST,/translate,200,783.4
2026-05-12 10:23:33,POST,/translate,200,756.6
2026-05-12 10:23:37,POST,/translate,200,793.7
2026-05-12 10:23:38,POST,/translate,200,665.2
2026-05-12 10:23:38,GET,/chat/history,200,1209.8
2026-05-12 10:23:44,POST,/translate,200,1633.0
2026-05-12 10:23:45,POST,/translate,200,1675.7
2026-05-12 10:23:45,GET,/user/history,200,2388.0
2026-05-12 10:23:50,POST,/translate,200,990.9
2026-05-12 10:23:50,GET,/user-profile/details,200,1152.5
2026-05-22 22:03:46,GET,/,200,0.4
2026-05-22 22:03:46,POST,/translate,200,361.7
2026-05-22 22:03:47,POST,/translate,200,341.0
2026-05-22 22:03:47,POST,/translate,200,336.1
2026-05-22 22:04:17,POST,/translate,200,378.4
2026-05-22 22:04:18,POST,/translate,200,400.7
2026-05-22 22:04:19,POST,/translate,200,436.3
2026-05-22 22:04:38,GET,/,200,0.3
2026-05-22 22:04:39,POST,/translate,200,458.3
2026-05-22 22:04:40,POST,/translate,200,494.3
2026-05-22 22:04:41,POST,/translate,200,483.4
2026-05-22 22:04:42,POST,/translate,200,441.1
2026-05-22 22:04:43,POST,/translate,200,519.0
2026-05-22 22:04:43,POST,/translate,200,0.5
2026-05-22 22:04:44,POST,/translate,422,1.8
2026-05-22 22:05:13,GET,/,200,0.6
2026-05-22 22:05:16,POST,/translate,200,916.4
2026-05-22 22:05:17,POST,/translate,200,825.9
2026-05-22 22:05:19,POST,/translate,200,2077.7
2026-05-22 22:09:16,GET,/,200,0.5
2026-05-22 22:09:16,GET,/chat/stream,422,4.8
2026-05-22 22:09:16,GET,/chat/history,401,1.9
2026-05-22 22:09:17,GET,/user-profile/details,401,0.9
2026-05-22 22:09:17,POST,/translate,200,2.5
2026-05-22 22:09:18,POST,/translate,422,0.6
2026-05-22 22:09:18,GET,/openapi.json,200,12.5
2026-05-22 22:10:11,POST,/drug-interactions/check,200,4614.1
2026-05-22 22:10:11,POST,/drug-interactions/check,400,2.1
2026-05-22 22:10:12,POST,/drug-interactions/check,400,1.1
