file,status,confidence,elapsed,chars,words,lines,chars_per_sec,quality,preview
21atpU0Hc9L._AC_UY218_.jpg,PASS,0.65,12.086,112,18,1,9.3,clean,Vildagliptin 50 mg & Metformin Hydrochloride 500 mg Tablets GLIPY MET 500 ལིང་ཀ་ཐོང་ཏུ་ཁ Alembic 10 x 10 tablets
41jH9Wz2A6L._AC_UY218_.jpg,PASS,0.61,5.325,0,0,0,0.0,HTML/garbage,
51-kyOzqrBL._AC_UY218_.jpg,PASS,0.64,7.293,39,5,1,5.3,HTML/garbage,## Multi-enzyme Tablets Aristozyme Gold
51drO9yNxOL._AC_UY218_.jpg,PASS,0.62,4.993,64,8,1,12.8,HTML/garbage,Natural Micronized Progesterone Sustained Release Tablets 300 mg
51Vky80e5TL._AC_UY218_.jpg,PASS,0.66,8.406,147,22,1,17.5,HTML/garbage,# Rx SITAGLIPTIN PHOSPHATE & METFORMIN HYDROCHLORIDE TABLETS istamet $ ^{TM} $ 50mg/1000mg (Film-costed Tablets) Far Oral Use Only. 15 tablets each
615ql59bqLL._AC_PT0_BL0_SX320_SY720_.jpg,PASS,0.66,13.142,0,0,0,0.0,HTML/garbage,
618M7GJZDuL._AC_UY218_.jpg,PASS,0.61,5.578,0,0,0,0.0,HTML/garbage,
61FLd7WVkdL._AC_UY218_.jpg,PASS,0.61,6.259,0,0,0,0.0,HTML/garbage,
61FYV+hiNzL._AC_UY218_.jpg,PASS,0.63,5.018,35,6,1,7.0,HTML/garbage,TATA விவரி Antacid & Antigas Liquid
61KNeYtvwML._AC_UY218_.jpg,PASS,0.74,10.787,537,83,1,49.8,HTML/garbage,"Each uncoated tablet contains Everolimus 0.25 mg Storage: Store at a temperature not more than $ 25^{\circ} $C. Protect from light and moisture. KEEP THE MEDICINE OUT OF REACH OF CHILDREN. TM = Trade Mark Under Registration Mfg. Lic. No.: MB/05/203 For further information: Please call our 24*7 Helpline Number for Organ Transplant Patients 011-41169080 Manufactured & Marketed by: Panacea Biotec Pharma Ltd. Wholly-owned Subsidiary of Panacea Biotec Ltd. Malpur, Baddi, Distt. Solan (H.P.) & 173 205…"
61MBCfCe2fL._AC_UY218_.jpg,PASS,0.64,11.122,136,15,1,12.2,clean,"Girnepinide, Pioglitrazone Hydrochloride & Meffonmin Hydrochloride Extended Release Tablets ## OZOMET $ ^{\circledR} $-PG2 ཨོཾ་ཨིཙྪ་ཨི་ཊ"
61mS7nYrnCL._AC_UY218_.jpg,PASS,0.61,4.176,14,2,1,3.4,clean,(Empty result)
61qOGb2N3JL._AC_UY218_.jpg,PASS,0.62,3.936,33,6,1,8.4,clean,TATA 1mg Antacid & Antigas Liquid
61U833aF5sL._AC_UY218_.jpg,PASS,0.61,5.961,0,0,0,0.0,HTML/garbage,
713mB7d81iL._AC_UY218_.jpg,PASS,0.62,6.415,0,0,0,0.0,HTML/garbage,
71g-EpxGstL._AC_UY218_.jpg,PASS,0.76,14.284,458,63,1,32.1,HTML/garbage,"# *Progesterone Sustained Release Tablets dicalural Micronized) Dosage: As directed by the Physician. Susten 400 Susten 400 M.L. 27/UNSC/P-2016 Manufactured as inks by: Synokem Pharmaceuticals Ltd. Pilot No. 56-57, Sector - 6A, 11.E, SIDCUL, Ranipur (BHEL), Haridwar - 249103, Uttarakhand, Susten Markted by: Sun pharma laboratories Ltd. Acme Plaza, Andhen-Kuria Road, Andheri (E), Mumbai-400 059 Susten 400 Susten 400 *Progesterone Sustained Release Tablets"
71ISfgKFsHL._AC_UY218_.jpg,PASS,0.61,7.11,0,0,0,0.0,HTML/garbage,
71kesLt00uL._AC_UY218_.jpg,PASS,0.62,6.301,0,0,0,0.0,HTML/garbage,
71NtgUEsbzL._AC_UY218_.jpg,PASS,0.77,17.151,450,57,1,26.2,clean,# Simethicone & Activated Charcoal Tablets GASVENZ Diesel layer (Sulfur-coated for plastic release) Sodium Chloride (Sodium Chloride) 80 mg Water layer (Sulfur-coated for intestinal release) 250 mg Calcium Sulfate (Calcium Sulfate) Plastic Dioxide (PDD) Nitric Oxide (NOx) Chloride (Chloride) Dissolving Alumina (Alumina) Starch (Starch) Protein (Protein) Water (Water) Phosphorus (Phosphorus) Simethicone & Activated Charcoal Tablets CASUMZ™ (Müden)
71PlxoKxYrL._AC_UY218_.jpg,PASS,0.61,8.408,0,0,0,0.0,HTML/garbage,
71rjGKOUFtL._AC_UY218_.jpg,PASS,0.69,12.237,166,37,1,13.6,HTML/garbage,## DIGENE $ ^{\circledR} $ INSTA ON THE GO • Antacid • Antigas ACTS IN 2 SECONDS $ ^{*} $ IMPROVED FORMULA $ ^{*} $ JUST TEAR & SIP MINT FLAVOUR 5 SHOTS of 10 ml each
71SA38XB6tL._AC_UY218_.jpg,PASS,0.61,4.661,10,2,1,2.1,clean,Sugar Free
71vqkjcWRgL._AC_UY218_.jpg,PASS,0.61,5.655,0,0,0,0.0,HTML/garbage,
71YAo8VdiSL._AC_UY218_.jpg,PASS,0.61,5.345,0,0,0,0.0,HTML/garbage,
81D5eYUTZNL._AC_UY218_.jpg,PASS,0.62,4.731,0,0,0,0.0,HTML/garbage,
81EfYVqCGPL._AC_UY218_.jpg,PASS,0.72,5.251,249,32,1,47.4,HTML/garbage,"METFORMIN HYDROCHLORIDE SUSTAINED RELEASE TABLETS IP 500 MG GLYCOMET-500 S.R. Presence is not closed, tight-realigned, classical- and store at constructed room temperature. MEFORMIN HYDROCHLORIDE SUSTAINED RELEASE TABLETS IP 500 MG GLYCOMET-500 S.R."
81l7xVkxZRL._AC_UY218_.jpg,PASS,0.65,5.189,70,10,1,13.5,clean,Himalaya SINCE 1930 Diabecori DS TABLETS 60 Compliance Compliance Code
81LobB9dIgL._AC_UY218_.jpg,PASS,0.62,4.62,56,7,1,12.1,HTML/garbage,# 31TAGUPTIN PHOSPHATE & METFORMIN HYDROCHLORIDE TABLETS
81pbXHpN7tL._AC_UY218_.jpg,PASS,0.62,4.425,0,0,0,0.0,HTML/garbage,
81QJmDV+qxL._AC_UY218_.jpg,PASS,0.62,4.488,0,0,0,0.0,HTML/garbage,
91+2ghWgqcL._AC_UY218_.jpg,PASS,0.62,8.888,0,0,0,0.0,HTML/garbage,
91+u7cNNo5L._AC_UY218_.jpg,PASS,0.61,10.347,0,0,0,0.0,HTML/garbage,
916JrSv40KL._AC_UY218_.jpg,PASS,0.62,10.984,0,0,0,0.0,HTML/garbage,
919bY8QpnaL._AC_UY218_.jpg,PASS,0.67,13.061,73,10,1,5.6,HTML/garbage,Poglizione HCl with Metformin HCl Sustained Reke zur Gliederungs-Tabels 0
91ApMWDemVL._AC_UY218_.jpg,PASS,0.62,6.076,0,0,0,0.0,HTML/garbage,
91dUzZTIlmL._AC_UY218_.jpg,PASS,0.68,4.617,148,25,1,32.1,HTML/garbage,"# Progesterone Vaginal Inserts Susten $ ^{®} $ VT 200 for signal use only Fashionable signal text names: Puppetre P 200 mg Natural, Morsant Origins:"
91fhAHqnesL._AC_UY218_.jpg,PASS,0.62,7.147,0,0,0,0.0,HTML/garbage,
91HLHLcfjdL._AC_UY218_.jpg,PASS,0.61,7.658,0,0,0,0.0,HTML/garbage,
91jwfgoYB8L._AC_UY218_.jpg,PASS,0.62,8.013,0,0,0,0.0,HTML/garbage,
91Kdp+1a8ZL._AC_UY218_.jpg,PASS,0.62,13.905,0,0,0,0.0,HTML/garbage,
